{"cameraMode":{"drawMode":0,"name":"Shaded","section":"Shading Mode"},"sceneLighting":true,"audioPlay":false,"sceneViewState":{"m_AlwaysRefresh":false,"showFog":true,"showSkybox":true,"showFlares":true,"showImageEffects":true,"showParticleSystems":true,"showVisualEffectGraphs":true,"m_FxEnabled":true},"in2DMode":false,"pivot":{"x":474.16461181640627,"y":-86.1524658203125,"z":1092.6553955078125},"rotation":{"x":0.24015794694423676,"y":-0.21736375987529756,"z":0.055269137024879459,"w":0.9444728493690491},"size":713.2214965820313,"orthographic":false}